{
  "project_info": {
    "project_number": "87439430033",
    "project_id": "movie-demo-54c82",
    "storage_bucket": "movie-demo-54c82.appspot.com"
  },
  "client": [
    {
      "client_info": {
        "mobilesdk_app_id": "1:87439430033:android:27a9e1e494d5af02740a30",
        "android_client_info": {
          "package_name": "com.example.flutter_login_ui"
        }
      },
      "oauth_client": [
        {
          "client_id": "87439430033-o2on4nu8obonahsf9g9qtmgfg6elr8al.apps.googleusercontent.com",
          "client_type": 3
        }
      ],
      "api_key": [
        {
          "current_key": "AIzaSyA2NH4p1T4Y4mV55qVK3eDLUDeR863cRoE"
        }
      ],
      "services": {
        "appinvite_service": {
          "other_platform_oauth_client": [
            {
              "client_id": "87439430033-o2on4nu8obonahsf9g9qtmgfg6elr8al.apps.googleusercontent.com",
              "client_type": 3
            }
          ]
        }
      }
    }
  ],
  "configuration_version": "1"
}